sep=,
1.186279,0.472441,51,0.6202526
0.453537,0.6377953,55,0.9540577
0.6354752,0.6299213,58,1.302423
0.4972496,0.527559,55,1.717176
0.6122208,0.5590551,51,2.152491
