sep=,
0.2705107,0.527559,27,1.018242
0.2162828,0.5984252,31,1.172955
0.2073665,0.6062992,34,1.233799
0.2392945,0.527559,39,1.410489
0.2383723,0.6692913,43,1.611638
0.3294783,0.6456693,46,1.841406
0.3973498,0.6692913,50,2.096242
0.458766,0.5748032,53,2.362091
0.5642095,0.511811,56,2.715862
